faculty_id,subject_code,class_type,batch,section,slot,building,room_no
102754,26CSE1001J,Theory,1,1,E,,
102863,26CSE1001J,Theory,1,1,E,,
102673,26CSE1001J,Theory,1,1,E,,
102879,26CSE1001J,Theory,1,1,E,,
103024,26CSE1001J,Theory,1,1,E,,
103039,26CSE1001J,Theory,1,1,E,,
103040,26CSE1001J,Theory,2,2,E,,
103048,26CSE1001J,Theory,2,2,E,,
103045,26CSE1001J,Theory,2,2,E,,
103047,26CSE1001J,Theory,2,2,E,,
103457,21CSS202T,Theory,1,AP1,C,TP1,804
102937,21CSS202T,Theory,1,AQ1,C,TP1,805
101927,21CSS202T,Theory,1,AR1,C,TP1,806
103157,21CSS202T,Theory,1,AS1,C,TP1,1506
102943,21CSS202T,Theory,1,AT1,C,TP1,1505
103491,21CSS202T,Theory,2,AO2,C,TP1,803
103157,21CSS202T,Theory,2,AP2,C,TP1,804
103189,21CSS202T,Theory,2,AQ2,C,TP1,805
102927,21CSS202T,Theory,2,AR2,C,TP1,806
103157,21CSS202T,Theory,2,AS2,C,TP1,804
103238,21CSS201T,Theory,2,AS2,C,TP1,1506
103047,21CSS201T,Theory,2,AT2,C,TP1,1505
103649,21CSC201J,Theory,1,AP1,B,TP1,804
103182,21CSC201J,Theory,1,AQ1,B,TP1,805
103140,21CSC201J,Theory,1,AR1,B,TP1,806
103021,21CSC201J,Theory,1,AS1,B,TP1,1506
103268,21CSC201J,Theory,1,AT1,B,TP1,1505
103808,21CSC201J,Theory,2,AO2,B,TP1,803
102763,21CSC201J,Theory,2,AP2,B,TP1,804
103021,21CSC201J,Theory,2,AQ2,B,TP1,805
103140,21CSC201J,Theory,2,AR2,B,TP1,806
103897,21CSC201J,Theory,2,AS2,B,TP1,1506
103212,21CSC201J,Theory,2,AT2,B,TP1,1505
103780,21CSC202J,Theory,1,AP1,F,TP1,804
102361,21CSC202J,Theory,1,AQ1,F,TP1,805
102961,21CSC202J,Theory,1,AR1,F,TP1,806
103101,21CSC202J,Theory,1,AS1,F,TP1,1506
102453,21CSC202J,Theory,1,AT1,F,TP1,1505
102810,21CSC202J,Theory,2,AO2,F,TP1,803
100391,21CSC202J,Theory,2,AP2,F,TP1,804
103809,21CSC202J,Theory,2,AQ2,F,TP1,805
103305,21CSC202J,Theory,2,AR2,F,TP1,806
103179,21CSC202J,Theory,2,AS2,F,TP1,1506
102933,21CSC202J,Theory,2,AT2,F,TP1,1505
103457,21LEM202T,Theory,1,AP1,G,,e-Curricula
102361,21LEM202T,Theory,1,AQ1,G,,e-Curricula
102961,21LEM202T,Theory,1,AR1,G,,e-Curricula
103021,21LEM202T,Theory,1,AS1,G,,e-Curricula
103269,21LEM202T,Theory,1,AT1,G,,e-Curricula
103897,21LEM202T,Theory,2,AO2,G,,e-Curricula
103044,21LEM202T,Theory,2,AP2,G,,e-Curricula
101949,21LEM202T,Theory,2,AQ2,G,,e-Curricula
102927,21LEM202T,Theory,2,AR2,G,,e-Curricula
101956,21LEM202T,Theory,2,AS2,G,,e-Curricula
102933,21LEM202T,Theory,2,AT2,G,,e-Curricula
102805,21CSC206P,Theory,1,AP1,D,TP1,804
103177,21CSC206P,Theory,1,AQ1,D,TP1,805
103176,21CSC206P,Theory,1,AR1,D,TP1,806
102928,21CSC206P,Theory,1,AS1,D,TP1,1506
103269,21CSC206P,Theory,1,AT1,D,TP1,1505
102817,21CSC206P,Theory,2,AO2,D,TP1,803
103044,21CSC206P,Theory,2,AP2,D,TP1,804
101949,21CSC206P,Theory,2,AQ2,D,TP1,805
103161,21CSC206P,Theory,2,AR2&AS2,D,TP1,806
101956,21CSC203P,Theory,2,AS2,D,TP1,1506
101949,21MGH201T,Theory,2,AT2,A,TP1,1505
103156,21CSC301T,Theory,1,AO1,D,TP2,CLS619
101945,21CSC301T,Theory,1,AP1,D,TP2,CLS619
102810,21CSC301T,Theory,1,AQ1,D,TP2,LH506
103427,21CSC301T,Theory,1,AR1,D,TP2,LH518
102932,21CSC301T,Theory,1,AS1,D,TP2,LH519
103058,21CSC301T,Theory,1,AT1,D,TP2,LH604
101945,21CSC301T,Theory,2,AO2,D,TP2,CLS619
101918,21CSC301T,Theory,2,AP2,D,TP2,CLS619
103482,21CSC301T,Theory,2,AQ2,D,TP2,LH506
101094,21CSC301T,Theory,2,AR2,D,TP2,LH518
102953,21CSC301T,Theory,2,AS2,D,TP2,LH519
103649,21CSC301T,Theory,2,AT2,D,TP2,LH604
103020,21CSC302J,Theory,1,AO1,A,TP2,CLS619
103019,21CSC302J,Theory,1,AP1,A,TP2,CLS619
103954,21CSC302J,Theory,1,AQ1,A,TP2,LH506
103436,21CSC302J,Theory,1,AR1,A,TP2,LH518
103298,21CSC302J,Theory,1,AS1,A,TP2,LH519
102826,21CSC302J,Theory,1,AT1,A,TP2,LH604
102669,21CSC302J,Theory,2,AO2,A,TP2,CLS619
102485,21CSC302J,Theory,2,AP2,A,TP2,CLS619
103421,21CSC302J,Theory,2,AQ2,A,TP2,LH506
103223,21CSC302J,Theory,2,AR2,A,TP2,LH518
102957,21CSC302J,Theory,2,AS2,A,TP2,LH519
102942,21CSC302J,Theory,2,AT2,A,TP2,LH604
103573,21CSC307P,Theory,1,AO1,F,TP2,CLS619
100390,21CSC307P,Theory,1,AP1,F,TP2,CLS619
103180,21CSC307P,Theory,1,AQ1,F,TP2,LH506
101926,21CSC307P,Theory,1,AR1,F,TP2,LH518
102955,21CSC307P,Theory,1,AS1,F,TP2,LH519
103254,21CSC307P,Theory,2,AO2,F,TP2,CLS619
101930,21CSC307P,Theory,2,AP2,F,TP2,CLS619
103157,21CSC307P,Theory,2,AQ2,F,TP2,LH605
103573,21CSC307P,Theory,2,AR2&AS2,F,TP2,LH518
103735,21CSC305T,Theory,2,AQ2 & AR2,F,TP2,LH506
103820,21CSC307T,Theory,2,AS2,F,TP2,LH519
103020,21GNP301L,Theory,1,AO1,,,L51-L52
103019,21GNP301L,Theory,1,AP1,,,L51-L53
103180,21GNP301L,Theory,1,AQ1,,,L51-L54
103436,21GNP301L,Theory,1,AR1,,,L51-L55
103298,21GNP301L,Theory,1,AS1,,,L51-L56
103058,21GNP301L,Theory,1,AT1,,,L51-L57
103254,21GNP301L,Theory,2,AO2,,,L51-L58
101918,21GNP301L,Theory,2,AP2,,,L51-L59
103421,21GNP301L,Theory,2,AQ2,,,L51-L60
103223,21GNP301L,Theory,2,AR2,,,L51-L61
102957,21GNP301L,Theory,2,AS2,,,L51-L62
103649,21GNP301L,Theory,2,AT2,,,L51-L62
103020,21LEM301T,Theory,1,AO1,,,L41-L42
103019,21LEM301T,Theory,1,AP1,,,L41-L43
103180,21LEM301T,Theory,1,AQ1,,,L41-L44
103436,21LEM301T,Theory,1,AR1,,,L41-L45
103298,21LEM301T,Theory,1,AS1,,,L41-L46
103058,21LEM301T,Theory,1,AT1,,,L41-L47
103254,21LEM301T,Theory,2,AO2,,,L41-L48
101918,21LEM301T,Theory,2,AP2,,,L41-L49
103421,21LEM301T,Theory,2,AQ2,,,L41-L50
103223,21LEM301T,Theory,2,AR2,,,L41-L51
102957,21LEM301T,Theory,2,AS2,,,L41-L52
103649,21LEM301T,Theory,2,AT2,,,L41-L53
103212,21GNH401T,Theory,1,AL1,F,,P41-P43
103157,21GNH401T,Theory,1,AM1,F,,P41-P43
103176,21GNH401T,Theory,1,AN1,F,,P41-P43
103177,21GNH401T,Theory,1,AO1,F,,P41-P43
103427,21GNH401T,Theory,1,AP1,F,,P41-P43
103238,21GNH401T,Theory,1,AQ1,F,,P41-P43
103268,21GNH401T,Theory,1,AR1,F,,P41-P43
103140,21GNH401T,Theory,2,AL2,F,,P46-P48
103151,21GNH401T,Theory,2,AM2,F,,P46-P48
103101,21GNH401T,Theory,2,AN2,F,,P46-P48
102928,21GNH401T,Theory,2,AO2,F,,P46-P48
103156,21GNH401T,Theory,2,AP2,F,,P46-P48
103182,21GNH401T,Theory,2,AQ2,F,,P46-P48
103161,21GNH401T,Theory,2,AR2,F,,P46-P48
102933,21CSE315T,Theory,1,,B,,UB1207
102933,21CSE315T,Theory,2,,B,,UB1207
103045,21CSE321T,Theory,1,,B,,LH505
103045,21CSE321T,Theory,2,,B,,CLS620
103780,21CSE321T,Theory,2,,B,,CLS620
102763,21CSE326T,Theory,1,,B,,CLS620
102361,21CSE326T,Theory,2,,B,,LH505
103151,21CSE331T,Theory,2,,B,,UB1102
103039,21CSE339T,Theory,2,,B,,LH319
103493,21CSE374T,Theory,1,,B,,UB1206
103493,21CSE374T,Theory,2,,B,,UB1211
103174,21CSE389T,Theory,1,,B,,LH819
102669,21CSE740T,Theory,1,,B,,LH1006
102669,21CSE740T,Theory,2,,B,,LH913
100390,21IPE322P,Theory,1,,B,,LH904
100390,21IPE322P,Theory,2,,B,,UB1211
103177,21IPE336T,Theory,1,,B,,UB1212
103177,21IPE336T,Theory,2,,B,,UB1207
103492,21CSE421T,Theory,1,,A,,LH1204
102754,21CSE421T,Theory,1,,A,,CLS1320
101926,21CSE421T,Theory,2,,A,,CLS1220
102955,21CSE421T,Theory,2,,A,,CLS1220
103174,21CSE426T,Theory,1,,A,,CL1219
103189,21CSE426T,Theory,1,,A,,CL1219
103427,21CSE426T,Theory,2,,A,,CLS1319
103180,21CSE426T,Theory,2,,A,,CL1319
102673,21CSE430T,Theory,1,,A,,CLS1220
103946,21CSE430T,Theory,1,,A,,CLS1220
103946,21CSE430T,Theory,2,,A,,LH1204
103179,21CSE431T,Theory,1,,A,,UB1216
103182,21CSE432T,Theory,1,,A,,UB1212
103941,21CSE441T,Theory,2,,A,,UB1207
103809,21CSE442T,Theory,2,,A,,UB1211
103897,21CSE451T,Theory,2,,A,,UB1103
103156,21CSE484T,Theory,2,,A,,TP 1405
103189,21CSE423T,Theory,1,,B,,LH1304
101927,21CSE423T,Theory,1,,B,,LH1215
101927,21CSE423T,Theory,2,,B,,CLS1319
100391,21CSE423T,Theory,2,,B,,CLS1319
103891,21CSE428T,Theory,1,,B,,LH1305
102937,21CSE428T,Theory,1,,B,,LH1306
102955,21CSE428T,Theory,2,,B,,B402
102937,21CSE428T,Theory,2,,B,,B402
102942,21CSE433T,Theory,1,,B,,LH1313
103735,21CSE434T,Theory,1,,B,,UB1207
102932,21CSE443T,Theory,2,,B,,B601
103024,21CSE444T,Theory,2,,B,,B602
103269,21CSE447T,Theory,1,,B,,CLS1320
103269,21CSE447T,Theory,1,,B,,CLS1320
103954,21CSE447T,Theory,2,,B,,LH1306
103482,21CSE295T,Theory,1,,C,,LH1305
103212,21CSE295T,Theory,1,,C,,B504
103482,21CSE295T,Theory,2,,C,,LH1213
103176,21CSE419T,Theory,2,,C,,B603
103238,21CSE422T,Theory,1,,C,,CLS1319
103044,21CSE422T,Theory,1,,C,,CLS1319
103044,21CSE422T,Theory,2,,C,,TP 1406
102754,21CSE425T,Theory,1,,C,,LH1206
103820,21CSE425T,Theory,1,,C,,LH1206
103223,21CSE425T,Theory,2,,C,,TP 1405
103820,21CSE425T,Theory,2,,C,,LH1304
101956,21CSE427T,Theory,1,,C,,TP 1404
102961,21CSE427T,Theory,1,,C,,LH1213
101956,21CSE427T,Theory,2,,C,,LH1215
103491,21CSE436T,Theory,1,,C,,LH1214
103305,21CSE438T,Theory,1,,C,,B503
102932,21CSE439T,Theory,2,,C,,CLS1319
103962,21CSE440T,Theory,2,,C,,B504
103161,21CSE453T,Theory,2,,C,,B502
102927,21CSE424T,Theory,1,,D,,LH1304
103808,21CSE424T,Theory,1,,D,,LH1314
102927,21CSE424T,Theory,2,,D,,LH1213
103058,21CSE424T,Theory,2,,D,,LH1213
103048,21CSE429T,Theory,1,,D,,LH1305
103020,21CSE429T,Theory,1,,D,,TP 1103
103101,21CSE429T,Theory,2,,D,,LH1214
100199,21CSE435T,Theory,1,,D,,CLS1319
100199,21CSE435T,Theory,1,,D,,CLS1319
103493,21CSE445T,Theory,2,,D,,TP 1305
102928,21CSE446T,Theory,2,,D,,TP 1304
101918,21CSE448T,Theory,1,,D,,LH1315
101918,21CSE448T,Theory,2,,D,,TP 1103
103268,21CSE449T,Theory,1,,D,,CLS1320
103254,21CSE449T,Theory,1,,D,,CLS1320
103254,21CSE449T,Theory,2,,D,,TP 1102
103298,21CSE481T,Theory,2,,D,,TP 1204
102863,21IPE313P,Theory,1,,D,,TP 1306
102826,21IPE313P,Theory,2,,D,,TP 1303
102879,21CSE458T,Theory,2,,D,,TP 1302
103970,21CSE524T,Theory,1,,E,,LH1125
102943,21CSE525T,Theory,1,,D,,LH1125
103457,21AIE540T,Theory,1,,B,,LH1125
103962,21CSE552T,Theory,1,,A,,LH1125
103946,21AIE535T,Theory,1,,C,,LH1125
103970,21CSC555J,Theory,2,A,B,,
103676,21CSC554J,Theory,2,A,A,,
102817,21CSC529T,Theory,2,A,D,,
102805,21IPC501J,Theory,2,A,E,,
103180,21CSE564T,Theory,2,A,C,,
102669,21CSE558T,Theory,2,,C,,
102754,21CSC555J,Theory,2,B,B,,
103177,21CSC554J,Theory,2,B,A,,
103962,21CSC529T,Theory,2,B,D,,
103891,21IPC501J,Theory,2,B,E,,
103427,21CSE564T,Theory,2,B,C,,
103223,21CSC601T,Theory,1,,A,,
100390,21CSE562T,Theory,1,,D,,
102957,21CSE658T,Theory,1,,B,,
101949,21CSE668T,Theory,1,,C,,
101945,21CSE655T,Theory,1,,F,,
101094,21CSE659T,Theory,1,,E,,
103040,21IPE341P,Theory,2,,B,,
103040,21IPE341P,Theory,1,,B,,
100390,21CSE741T,Theory,1,,B,,
103457,MBI24I07L,Theory,,,,,
102953,MBI24I07L,Theory,,,,,
102810,MBG24108L,Theory,,,,,
102817,MBG24108L,Theory,,,,,
103189,MBG24108L,Theory,,,,,
103891,MHDS 18106 / MHDS21106,Theory,,,,,
103151,MHDS 18206 / MHDS21301,Theory,,,,,
103421,21CSE216P,Theory,,,,,
102943,21IPE341T,Theory,,,,,
